RN,GRUPO,TIPO,SUBTIPO,NR_REGISTO,DATAREGISTO,PAIS,DESCRITIVO,TITULAR,MARCA,MODELO,LOCALIZACAO,LOCALIZACAO_ADDRESS,LOCALIZACAO_LAT,LOCALIZACAO_LON,FullTextValue,LOCALIZACAO_DISTRITO,ACESSIBILITY_DESCRIPTOR
1,1,OBJECTOS PESSOAIS,BICICLETA,NOBJ00010644/22,2022-03-11T08:42:41.777+00:00,PORTUGAL,BICICLETA BICICLETA CINZENTA<br><br><strong>Marca:</strong> BELCOR&nbsp;<strong>Modelo:</strong>,,BELCOR,,<b>EM TRANSFERÊNCIA PARA</b> CUSTÓIAS - MATOSINHOS - ESQUADRA,"RUA NOVA DE S. GENS, S/N, 4460-781 CUSTÓIAS MTS",41.199564,-8.644256,OBJECTOS PESSOAIS BICICLETA   BELCOR   PORTUGAL NOBJ00010644/22,-,"Registo número NOBJ00010644/22 Registado em: Mar 11 202 Tipo de Documento:OBJECTOS PESSOAIS Sub-tipo: BICICLETA Descritivo: BICICLETA BICICLETA CINZENTA Titular: Não especificada Marca: BELCOR Modelo: Não especificado Distrito: <b>EM TRANSFERÊNCIA PARA</b> CUSTÓIAS - MATOSINHOS - ESQUADRA Morada: RUA NOVA DE S. GENS, S/N, 4460-781 CUSTÓIAS MTS"
2,1,OBJECTOS PESSOAIS,BICICLETA,NOBJ00008305/22,2022-02-24T12:24:52.82+00:00,PORTUGAL,"BICICLETA BICICLETA COM QUADRO AZUL, SELIM PRETO E PNEUS VAZIOS<br><br><strong>Marca:</strong> SHIMANO SIRLA&nbsp;<strong>Modelo:</strong>",,SHIMANO SIRLA,,CUSTÓIAS - MATOSINHOS - ESQUADRA,"RUA NOVA DE S. GENS, S/N, 4460-781 CUSTÓIAS MTS",41.199564,-8.644256,OBJECTOS PESSOAIS BICICLETA   SHIMANO SIRLA   PORTUGAL NOBJ00008305/22,-,"Registo número NOBJ00008305/22 Registado em: Feb 24 202 Tipo de Documento:OBJECTOS PESSOAIS Sub-tipo: BICICLETA Descritivo: BICICLETA BICICLETA COM QUADRO AZUL, SELIM PRETO E PNEUS VAZIOS Titular: Não especificada Marca: SHIMANO SIRLA Modelo: Não especificado Distrito: CUSTÓIAS - MATOSINHOS - ESQUADRA Morada: RUA NOVA DE S. GENS, S/N, 4460-781 CUSTÓIAS MTS"
3,1,OBJECTOS PESSOAIS,BICICLETA,NOBJ00007904/22,2022-02-22T15:49:32.897+00:00,PORTUGAL,"BICICLETA BICICLETA MARCA BIKE SPORT, TEAM PRO<br><br><strong>Marca:</strong> &nbsp;<strong>Modelo:</strong>",,,,<b>EM TRANSFERÊNCIA PARA</b> GONDOMAR - DIVISÃO POLICIAL,"RUA DA BOAVISTA, S/ N, 4435-123 RIO TINTO",41.175478,-8.555571,OBJECTOS PESSOAIS BICICLETA      PORTUGAL NOBJ00007904/22,PORTO,"Registo número NOBJ00007904/22 Registado em: Feb 22 202 Tipo de Documento:OBJECTOS PESSOAIS Sub-tipo: BICICLETA Descritivo: BICICLETA BICICLETA MARCA BIKE SPORT, TEAM PRO Titular: Não especificada Marca: Não especificada Modelo: Não especificado Distrito: <b>EM TRANSFERÊNCIA PARA</b> GONDOMAR - DIVISÃO POLICIAL Morada: RUA DA BOAVISTA, S/ N, 4435-123 RIO TINTO"
4,1,OBJECTOS PESSOAIS,BICICLETA,NOBJ00006656/22,2022-02-15T14:49:36.207+00:00,PORTUGAL,BICICLETA<br><br><strong>Marca:</strong> DECATHLON&nbsp;<strong>Modelo:</strong> ROCKRIDER BTT ST 100,,DECATHLON,ROCKRIDER BTT ST 100,BRAGA - DIVISÃO POLICIAL,"LARGO DE SÃO TIAGO, N.º 6, 4704-504 BRAGA",41.548078,-8.424985,OBJECTOS PESSOAIS BICICLETA   DECATHLON ROCKRIDER BTT ST 100  PORTUGAL NOBJ00006656/22,BRAGA,"Registo número NOBJ00006656/22 Registado em: Feb 15 202 Tipo de Documento:OBJECTOS PESSOAIS Sub-tipo: BICICLETA Descritivo: BICICLETA Titular: Não especificada Marca: DECATHLON Modelo: ROCKRIDER BTT ST 100 Distrito: BRAGA - DIVISÃO POLICIAL Morada: LARGO DE SÃO TIAGO, N.º 6, 4704-504 BRAGA"
5,1,OBJECTOS PESSOAIS,BICICLETA,NOBJ00006032/22,2022-02-11T09:19:24.29+00:00,PORTUGAL,BICICLETA BICICLETA AZUL E BRANCA<br><br><strong>Marca:</strong> TEAM PRO 4210 EMT&nbsp;<strong>Modelo:</strong>,,TEAM PRO 4210 EMT,,CUSTÓIAS - MATOSINHOS - ESQUADRA,"RUA NOVA DE S. GENS, S/N, 4460-781 CUSTÓIAS MTS",41.199564,-8.644256,OBJECTOS PESSOAIS BICICLETA   TEAM PRO 4210 EMT   PORTUGAL NOBJ00006032/22,-,"Registo número NOBJ00006032/22 Registado em: Feb 11 202 Tipo de Documento:OBJECTOS PESSOAIS Sub-tipo: BICICLETA Descritivo: BICICLETA BICICLETA AZUL E BRANCA Titular: Não especificada Marca: TEAM PRO 4210 EMT Modelo: Não especificado Distrito: CUSTÓIAS - MATOSINHOS - ESQUADRA Morada: RUA NOVA DE S. GENS, S/N, 4460-781 CUSTÓIAS MTS"
6,1,OBJECTOS PESSOAIS,BICICLETA,NOBJ00005999/22,2022-02-10T16:56:12.133+00:00,PORTUGAL,BICICLETA<br><br><strong>Marca:</strong> BIKE TOUR/EDP&nbsp;<strong>Modelo:</strong>,,BIKE TOUR/EDP,,BRAGA - DIVISÃO POLICIAL,"LARGO DE SÃO TIAGO, N.º 6, 4704-504 BRAGA",41.548078,-8.424985,OBJECTOS PESSOAIS BICICLETA   BIKE TOUR/EDP   PORTUGAL NOBJ00005999/22 POLICIA MUNICIPAL DE BRAGA BRAGA,BRAGA,"Registo número NOBJ00005999/22 Registado em: Feb 10 202 Tipo de Documento:OBJECTOS PESSOAIS Sub-tipo: BICICLETA Descritivo: BICICLETA Titular: Não especificada Marca: BIKE TOUR/EDP Modelo: Não especificado Distrito: BRAGA - DIVISÃO POLICIAL Morada: LARGO DE SÃO TIAGO, N.º 6, 4704-504 BRAGA"
7,1,OBJECTOS PESSOAIS,BICICLETA,NOBJ00005670/22,2022-02-09T11:46:07.35+00:00,PORTUGAL,"BICICLETA BICICLETA BTT, MARCA QÜER<br><br><strong>Marca:</strong> QÜER&nbsp;<strong>Modelo:</strong> BTT",,QÜER,BTT,LAGOS - ESQUADRA,"SÍTIO DA HORTA DO TRIGO, S/N, 8600-324 LAGOS",37.11458,-8.681073,OBJECTOS PESSOAIS BICICLETA   QÜER BTT B1-2516 PORTUGAL NOBJ00005670/22,FARO,"Registo número NOBJ00005670/22 Registado em: Feb  9 202 Tipo de Documento:OBJECTOS PESSOAIS Sub-tipo: BICICLETA Descritivo: BICICLETA BICICLETA BTT, MARCA QÜER Titular: Não especificada Marca: QÜER Modelo: BTT Distrito: LAGOS - ESQUADRA Morada: SÍTIO DA HORTA DO TRIGO, S/N, 8600-324 LAGOS"
8,1,OBJECTOS PESSOAIS,BICICLETA,NOBJ00040381/21,2021-12-23T09:00:43.44+00:00,PORTUGAL,BICICLETA BICICLETA DE CRIANÇA COR ROSA MARCA B-TWIN.<br><br><strong>Marca:</strong> &nbsp;<strong>Modelo:</strong>,,,,<b>EM TRANSFERÊNCIA PARA</b> MATOSINHOS - DIVISÃO POLICIAL,"RUA DE GOA, S/N, 4454-505 MATOSINHOS",41.184541,-8.681497,OBJECTOS PESSOAIS BICICLETA      PORTUGAL NOBJ00040381/21,PORTO,"Registo número NOBJ00040381/21 Registado em: Dec 23 202 Tipo de Documento:OBJECTOS PESSOAIS Sub-tipo: BICICLETA Descritivo: BICICLETA BICICLETA DE CRIANÇA COR ROSA MARCA B-TWIN. Titular: Não especificada Marca: Não especificada Modelo: Não especificado Distrito: <b>EM TRANSFERÊNCIA PARA</b> MATOSINHOS - DIVISÃO POLICIAL Morada: RUA DE GOA, S/N, 4454-505 MATOSINHOS"
9,1,OBJECTOS PESSOAIS,BICICLETA,NOBJ00038142/21,2021-12-08T09:44:40.6+00:00,PORTUGAL,BICICLETA BICICLETA RODA 20<br><br><strong>Marca:</strong> &nbsp;<strong>Modelo:</strong>,,,,<b>EM TRANSFERÊNCIA PARA</b> SANTA MARIA DA FEIRA - ESQUADRA,"RUA DR. PAULO DE SÁ, Nº 2, 4520-219 SANTA MARIA DA FEIRA",40.927493,-8.540062,OBJECTOS PESSOAIS BICICLETA      PORTUGAL NOBJ00038142/21,AVEIRO,"Registo número NOBJ00038142/21 Registado em: Dec  8 202 Tipo de Documento:OBJECTOS PESSOAIS Sub-tipo: BICICLETA Descritivo: BICICLETA BICICLETA RODA 20 Titular: Não especificada Marca: Não especificada Modelo: Não especificado Distrito: <b>EM TRANSFERÊNCIA PARA</b> SANTA MARIA DA FEIRA - ESQUADRA Morada: RUA DR. PAULO DE SÁ, Nº 2, 4520-219 SANTA MARIA DA FEIRA"
10,1,OBJECTOS PESSOAIS,BICICLETA,NOBJ00037848/21,2021-12-06T14:51:47.737+00:00,PORTUGAL,BICICLETA<br><br><strong>Marca:</strong> GT&nbsp;<strong>Modelo:</strong> AVALANCHE 3.0,,GT,AVALANCHE 3.0,CASCAIS - DIVISÃO POLICIAL,"RUA AFONSO SANCHES, N.º 26, 2750-281 CASCAIS",38.699574,-9.423099,OBJECTOS PESSOAIS BICICLETA   GT AVALANCHE 3.0 P1029-C / IOT4K11716 PORTUGAL NOBJ00037848/21,LISBOA,"Registo número NOBJ00037848/21 Registado em: Dec  6 202 Tipo de Documento:OBJECTOS PESSOAIS Sub-tipo: BICICLETA Descritivo: BICICLETA Titular: Não especificada Marca: GT Modelo: AVALANCHE 3.0 Distrito: CASCAIS - DIVISÃO POLICIAL Morada: RUA AFONSO SANCHES, N.º 26, 2750-281 CASCAIS"
11,1,OBJECTOS PESSOAIS,BICICLETA,NOBJ00035463/21,2021-11-19T15:52:46.31+00:00,PORTUGAL,BICICLETA<br><br><strong>Marca:</strong> DECATLON&nbsp;<strong>Modelo:</strong> ROCKRIDER 5.0,,DECATLON,ROCKRIDER 5.0,OLIVAIS SUL - 2ª DIVISÃO POLICIAL LX,"RUA CIDADE DE NAMPULA, S/N
, 1800-105 LISBOA",38.764096,-9.12031,OBJECTOS PESSOAIS BICICLETA   DECATLON ROCKRIDER 5.0 000831623115 PORTUGAL NOBJ00035463/21,LISBOA,"Registo número NOBJ00035463/21 Registado em: Nov 19 202 Tipo de Documento:OBJECTOS PESSOAIS Sub-tipo: BICICLETA Descritivo: BICICLETA Titular: Não especificada Marca: DECATLON Modelo: ROCKRIDER 5.0 Distrito: OLIVAIS SUL - 2ª DIVISÃO POLICIAL LX Morada: RUA CIDADE DE NAMPULA, S/N
, 1800-105 LISBOA"
12,1,OBJECTOS PESSOAIS,BICICLETA,NOBJ00034933/21,2021-11-16T20:10:43.72+00:00,PORTUGAL,"BICICLETA<br><br><strong>Marca:</strong>  ""VSF FAHRRAD MANUFAKTUR""&nbsp;<strong>Modelo:</strong>",,"""VSF FAHRRAD MANUFAKTUR""",,LISBOA - SEGURANÇA AEROPORTUARIA - ESQUADRA DE SEG,"AEROPORTO DE LISBOA - ARRUAMENTO A, EDIFÍCIO 11, 1700-008 LISBOA",38.771983,-9.128436,"OBJECTOS PESSOAIS BICICLETA    ""VSF FAHRRAD MANUFAKTUR""   PORTUGAL NOBJ00034933/21",-,"Registo número NOBJ00034933/21 Registado em: Nov 16 202 Tipo de Documento:OBJECTOS PESSOAIS Sub-tipo: BICICLETA Descritivo: BICICLETA Titular: Não especificada Marca: ""VSF FAHRRAD MANUFAKTUR"" Modelo: Não especificado Distrito: LISBOA - SEGURANÇA AEROPORTUARIA - ESQUADRA DE SEG Morada: AEROPORTO DE LISBOA - ARRUAMENTO A, EDIFÍCIO 11, 1700-008 LISBOA"
13,1,OBJECTOS PESSOAIS,BICICLETA,NOBJ00033838/21,2021-11-10T13:48:17.74+00:00,PORTUGAL,BICICLETA<br><br><strong>Marca:</strong> EMT&nbsp;<strong>Modelo:</strong> ALLOYFRAME,,EMT,ALLOYFRAME,OEIRAS - DIVISÃO POLICIAL,"RUA DE ESPARGAL, N.º 18, 2780-012 OEIRAS",38.695736,-9.302176,OBJECTOS PESSOAIS BICICLETA   EMT ALLOYFRAME PORFSD8F03233 PORTUGAL NOBJ00033838/21,LISBOA,"Registo número NOBJ00033838/21 Registado em: Nov 10 202 Tipo de Documento:OBJECTOS PESSOAIS Sub-tipo: BICICLETA Descritivo: BICICLETA Titular: Não especificada Marca: EMT Modelo: ALLOYFRAME Distrito: OEIRAS - DIVISÃO POLICIAL Morada: RUA DE ESPARGAL, N.º 18, 2780-012 OEIRAS"
14,1,OBJECTOS PESSOAIS,BICICLETA,NOBJ00033670/21,2021-11-09T16:27:18.18+00:00,PORTUGAL,BICICLETA BICICLETA MYTHUS<br><br><strong>Marca:</strong> &nbsp;<strong>Modelo:</strong>,,,,<b>EM TRANSFERÊNCIA PARA</b> SANTA MARIA DA FEIRA - ESQUADRA,"RUA DR. PAULO DE SÁ, Nº 2, 4520-219 SANTA MARIA DA FEIRA",40.927493,-8.540062,OBJECTOS PESSOAIS BICICLETA      PORTUGAL NOBJ00033670/21,AVEIRO,"Registo número NOBJ00033670/21 Registado em: Nov  9 202 Tipo de Documento:OBJECTOS PESSOAIS Sub-tipo: BICICLETA Descritivo: BICICLETA BICICLETA MYTHUS Titular: Não especificada Marca: Não especificada Modelo: Não especificado Distrito: <b>EM TRANSFERÊNCIA PARA</b> SANTA MARIA DA FEIRA - ESQUADRA Morada: RUA DR. PAULO DE SÁ, Nº 2, 4520-219 SANTA MARIA DA FEIRA"
15,1,OBJECTOS PESSOAIS,BICICLETA,NOBJ00031473/21,2021-10-27T11:26:07.64+01:00,PORTUGAL,BICICLETA<br><br><strong>Marca:</strong> CANNONDALE&nbsp;<strong>Modelo:</strong> TRANSEO 3.0GT,,CANNONDALE,TRANSEO 3.0GT,BRAGA - DIVISÃO POLICIAL,"LARGO DE SÃO TIAGO, N.º 6, 4704-504 BRAGA",41.548078,-8.424985,OBJECTOS PESSOAIS BICICLETA   CANNONDALE TRANSEO 3.0GT EN14764-14765-14766-11781 PORTUGAL NOBJ00031473/21 POLICIA MUNICIPAL DE BRAGA BRAGA,BRAGA,"Registo número NOBJ00031473/21 Registado em: Oct 27 202 Tipo de Documento:OBJECTOS PESSOAIS Sub-tipo: BICICLETA Descritivo: BICICLETA Titular: Não especificada Marca: CANNONDALE Modelo: TRANSEO 3.0GT Distrito: BRAGA - DIVISÃO POLICIAL Morada: LARGO DE SÃO TIAGO, N.º 6, 4704-504 BRAGA"
16,1,OBJECTOS PESSOAIS,BICICLETA,NOBJ00029190/21,2021-10-13T10:07:44.687+01:00,PORTUGAL,BICICLETA BICICLETA.<br><br><strong>Marca:</strong> TEAM&nbsp;<strong>Modelo:</strong> XTRAIL,,TEAM,XTRAIL,VISEU - COMANDO DISTRITAL,"RUA D. ANTÓNIO ALVES MARTINS, 3504-506 VISEU",40.655818,-7.911251,OBJECTOS PESSOAIS BICICLETA   TEAM XTRAIL  PORTUGAL NOBJ00029190/21,-,"Registo número NOBJ00029190/21 Registado em: Oct 13 202 Tipo de Documento:OBJECTOS PESSOAIS Sub-tipo: BICICLETA Descritivo: BICICLETA BICICLETA. Titular: Não especificada Marca: TEAM Modelo: XTRAIL Distrito: VISEU - COMANDO DISTRITAL Morada: RUA D. ANTÓNIO ALVES MARTINS, 3504-506 VISEU"
17,1,OBJECTOS PESSOAIS,BICICLETA,NOBJ00028985/21,2021-10-12T10:16:17.913+01:00,PORTUGAL,BICICLETA BICICLETA AMARELA MARCA BERG TRIBE 12<br><br><strong>Marca:</strong> &nbsp;<strong>Modelo:</strong>,,,,VILA NOVA DE GAIA - DIVISÃO POLICIAL,"RUA MARIA COSTA BASTOS, QTª. DO GUARDA LIVROS - OLIVEIRA DO DOURO, 4430-381 VILA NOVA DE GAIA",41.12723,-8.578844,OBJECTOS PESSOAIS BICICLETA      PORTUGAL NOBJ00028985/21,PORTO,"Registo número NOBJ00028985/21 Registado em: Oct 12 202 Tipo de Documento:OBJECTOS PESSOAIS Sub-tipo: BICICLETA Descritivo: BICICLETA BICICLETA AMARELA MARCA BERG TRIBE 12 Titular: Não especificada Marca: Não especificada Modelo: Não especificado Distrito: VILA NOVA DE GAIA - DIVISÃO POLICIAL Morada: RUA MARIA COSTA BASTOS, QTª. DO GUARDA LIVROS - OLIVEIRA DO DOURO, 4430-381 VILA NOVA DE GAIA"
18,1,OBJECTOS PESSOAIS,BICICLETA,NOBJ00028811/21,2021-10-11T10:47:12.33+01:00,PORTUGAL,BICICLETA MARCA LOGIC<br><br><strong>Marca:</strong> &nbsp;<strong>Modelo:</strong>,,,,COIMBRA - COMANDO DISTRITAL,"AVENIDA ELÍSIO DE MOURA, N.º 155, 3034-001 COIMBRA",40.207967,-8.400335,OBJECTOS PESSOAIS BICICLETA     AF98031480 PORTUGAL NOBJ00028811/21,-,"Registo número NOBJ00028811/21 Registado em: Oct 11 202 Tipo de Documento:OBJECTOS PESSOAIS Sub-tipo: BICICLETA Descritivo: BICICLETA MARCA LOGIC Titular: Não especificada Marca: Não especificada Modelo: Não especificado Distrito: COIMBRA - COMANDO DISTRITAL Morada: AVENIDA ELÍSIO DE MOURA, N.º 155, 3034-001 COIMBRA"
19,1,OBJECTOS PESSOAIS,BICICLETA,NOBJ00025555/21,2021-09-21T10:04:25.473+01:00,PORTUGAL,BICICLETA<br><br><strong>Marca:</strong> ORBITA - BTT&nbsp;<strong>Modelo:</strong> SERIE 26,,ORBITA - BTT,SERIE 26,CASCAIS - DIVISÃO POLICIAL,"RUA AFONSO SANCHES, N.º 26, 2750-281 CASCAIS",38.699574,-9.423099,OBJECTOS PESSOAIS BICICLETA   ORBITA - BTT SERIE 26 21125 PORTUGAL NOBJ00025555/21,LISBOA,"Registo número NOBJ00025555/21 Registado em: Sep 21 202 Tipo de Documento:OBJECTOS PESSOAIS Sub-tipo: BICICLETA Descritivo: BICICLETA Titular: Não especificada Marca: ORBITA - BTT Modelo: SERIE 26 Distrito: CASCAIS - DIVISÃO POLICIAL Morada: RUA AFONSO SANCHES, N.º 26, 2750-281 CASCAIS"
20,1,OBJECTOS PESSOAIS,BICICLETA,NOBJ00022943/21,2021-09-02T09:58:13.88+01:00,PORTUGAL,BICICLETA<br><br><strong>Marca:</strong> NEON BIKE&nbsp;<strong>Modelo:</strong> PRO EXPERIENCE,,NEON BIKE,PRO EXPERIENCE,BRAGA - DIVISÃO POLICIAL,"LARGO DE SÃO TIAGO, N.º 6, 4704-504 BRAGA",41.548078,-8.424985,OBJECTOS PESSOAIS BICICLETA   NEON BIKE PRO EXPERIENCE EN ISO 4210-2 PORTUGAL NOBJ00022943/21,BRAGA,"Registo número NOBJ00022943/21 Registado em: Sep  2 202 Tipo de Documento:OBJECTOS PESSOAIS Sub-tipo: BICICLETA Descritivo: BICICLETA Titular: Não especificada Marca: NEON BIKE Modelo: PRO EXPERIENCE Distrito: BRAGA - DIVISÃO POLICIAL Morada: LARGO DE SÃO TIAGO, N.º 6, 4704-504 BRAGA"
21,1,OBJECTOS PESSOAIS,BICICLETA,NOBJ00022676/21,2021-08-31T14:12:28.943+01:00,PORTUGAL,BICICLETA DE COR VERMELHA DE MARCA LAGER-26 JL-WENTI<br><br><strong>Marca:</strong> &nbsp;<strong>Modelo:</strong>,,,,VILA DO CONDE - DIVISÃO POLICIAL,"LARGO DR.º CUNHA REIS, S/N, 4480-712 VILA DO CONDE",41.351264,-8.743756,OBJECTOS PESSOAIS BICICLETA     GWJ121322 PORTUGAL NOBJ00022676/21,-,"Registo número NOBJ00022676/21 Registado em: Aug 31 202 Tipo de Documento:OBJECTOS PESSOAIS Sub-tipo: BICICLETA Descritivo: BICICLETA DE COR VERMELHA DE MARCA LAGER-26 JL-WENTI Titular: Não especificada Marca: Não especificada Modelo: Não especificado Distrito: VILA DO CONDE - DIVISÃO POLICIAL Morada: LARGO DR.º CUNHA REIS, S/N, 4480-712 VILA DO CONDE"
22,1,OBJECTOS PESSOAIS,BICICLETA,NOBJ00022575/21,2021-08-30T16:05:49.99+01:00,PORTUGAL,"BICICLETA<br><br><strong>Marca:</strong> ROCKRIDER, 6.0&nbsp;<strong>Modelo:</strong> GREY M",,"ROCKRIDER, 6.0",GREY M,SINTRA - DIVISÃO POLICIAL,"AVENIDA GIL EANES, 2635-003 RIO DE MOURO",38.781093,-9.322283,"OBJECTOS PESSOAIS BICICLETA   ROCKRIDER, 6.0 GREY M  PORTUGAL NOBJ00022575/21",LISBOA,"Registo número NOBJ00022575/21 Registado em: Aug 30 202 Tipo de Documento:OBJECTOS PESSOAIS Sub-tipo: BICICLETA Descritivo: BICICLETA Titular: Não especificada Marca: ROCKRIDER, 6.0 Modelo: GREY M Distrito: SINTRA - DIVISÃO POLICIAL Morada: AVENIDA GIL EANES, 2635-003 RIO DE MOURO"
23,1,OBJECTOS PESSOAIS,BICICLETA,NOBJ00022572/21,2021-08-30T15:26:35.167+01:00,PORTUGAL,BICICLETA BICICLETA COM OS PNEUS FURADOS<br><br><strong>Marca:</strong> SANGAL&nbsp;<strong>Modelo:</strong>,,SANGAL,,BENFICA - 3ª DIVISÃO POLICIAL LX,"RUA ANDRÉ DE RESENDE, S/N , 1500-040 LISBOA",38.745717,-9.199132,OBJECTOS PESSOAIS BICICLETA   SANGAL   PORTUGAL NOBJ00022572/21,LISBOA,"Registo número NOBJ00022572/21 Registado em: Aug 30 202 Tipo de Documento:OBJECTOS PESSOAIS Sub-tipo: BICICLETA Descritivo: BICICLETA BICICLETA COM OS PNEUS FURADOS Titular: Não especificada Marca: SANGAL Modelo: Não especificado Distrito: BENFICA - 3ª DIVISÃO POLICIAL LX Morada: RUA ANDRÉ DE RESENDE, S/N , 1500-040 LISBOA"
24,1,OBJECTOS PESSOAIS,BICICLETA,NOBJ00020792/21,2021-08-17T11:34:07.063+01:00,PORTUGAL,BICICLETA<br><br><strong>Marca:</strong> EMT&nbsp;<strong>Modelo:</strong>,,EMT,,CASCAIS - DIVISÃO POLICIAL,"RUA AFONSO SANCHES, N.º 26, 2750-281 CASCAIS",38.699574,-9.423099,OBJECTOS PESSOAIS BICICLETA   EMT  C709277368P PORTUGAL NOBJ00020792/21,LISBOA,"Registo número NOBJ00020792/21 Registado em: Aug 17 202 Tipo de Documento:OBJECTOS PESSOAIS Sub-tipo: BICICLETA Descritivo: BICICLETA Titular: Não especificada Marca: EMT Modelo: Não especificado Distrito: CASCAIS - DIVISÃO POLICIAL Morada: RUA AFONSO SANCHES, N.º 26, 2750-281 CASCAIS"
25,1,OBJECTOS PESSOAIS,BICICLETA,NOBJ00020163/21,2021-08-11T14:58:44.937+01:00,PORTUGAL,BICICLETA BICICLETA DE CRIANÇA<br><br><strong>Marca:</strong> &nbsp;<strong>Modelo:</strong>,,,,CORONEL PACHECO - PORTO - 2ª DIVISÃO POLICIAL,"PRAÇA CORONEL PACHECO, N.º 46, 4050-453 PORTO",41.151325,-8.614797,OBJECTOS PESSOAIS BICICLETA      PORTUGAL NOBJ00020163/21,-,"Registo número NOBJ00020163/21 Registado em: Aug 11 202 Tipo de Documento:OBJECTOS PESSOAIS Sub-tipo: BICICLETA Descritivo: BICICLETA BICICLETA DE CRIANÇA Titular: Não especificada Marca: Não especificada Modelo: Não especificado Distrito: CORONEL PACHECO - PORTO - 2ª DIVISÃO POLICIAL Morada: PRAÇA CORONEL PACHECO, N.º 46, 4050-453 PORTO"
26,1,OBJECTOS PESSOAIS,BICICLETA,NOBJ00018796/21,2021-07-30T16:29:21.33+01:00,PORTUGAL,BICICLETA BICICLETA TIPO MONTANHA<br><br><strong>Marca:</strong> ROCKRIDER&nbsp;<strong>Modelo:</strong>,,ROCKRIDER,,POMBAL - ESQUADRA,"RUA ALEXANDRE HERCULANO, N.º 17, 3100-494 POMBAL",39.916467,-8.628394,OBJECTOS PESSOAIS BICICLETA   ROCKRIDER   PORTUGAL NOBJ00018796/21,LEIRIA,"Registo número NOBJ00018796/21 Registado em: Jul 30 202 Tipo de Documento:OBJECTOS PESSOAIS Sub-tipo: BICICLETA Descritivo: BICICLETA BICICLETA TIPO MONTANHA Titular: Não especificada Marca: ROCKRIDER Modelo: Não especificado Distrito: POMBAL - ESQUADRA Morada: RUA ALEXANDRE HERCULANO, N.º 17, 3100-494 POMBAL"
27,1,OBJECTOS PESSOAIS,BICICLETA,NOBJ00018245/21,2021-07-26T16:03:23.817+01:00,PORTUGAL,BICICLETA BICICLETA DE CRIANÇA<br><br><strong>Marca:</strong> BERG&nbsp;<strong>Modelo:</strong> BLAST 203,,BERG,BLAST 203,VILA FRANCA DE XIRA - DIVISÃO POLICIAL,"RUA DO BREJO - QUINTA DA FORMIGUEIRA, 2615-339 ALVERCA DO RIBATEJO",38.90272,-9.042312,OBJECTOS PESSOAIS BICICLETA  BERG BERG BLAST 203 S99106315 PORTUGAL NOBJ00018245/21,LISBOA,"Registo número NOBJ00018245/21 Registado em: Jul 26 202 Tipo de Documento:OBJECTOS PESSOAIS Sub-tipo: BICICLETA Descritivo: BICICLETA BICICLETA DE CRIANÇA Titular: Não especificada Marca: BERG Modelo: BLAST 203 Distrito: VILA FRANCA DE XIRA - DIVISÃO POLICIAL Morada: RUA DO BREJO - QUINTA DA FORMIGUEIRA, 2615-339 ALVERCA DO RIBATEJO"
28,1,OBJECTOS PESSOAIS,BICICLETA,NOBJ00016360/21,2021-07-12T09:37:42.433+01:00,PORTUGAL,BICICLETA BICICLETA BRANCA COM PNEU FURADO<br><br><strong>Marca:</strong> &nbsp;<strong>Modelo:</strong>,,,,CUSTÓIAS - MATOSINHOS - ESQUADRA,"RUA NOVA DE S. GENS, S/N, 4460-781 CUSTÓIAS MTS",41.199564,-8.644256,OBJECTOS PESSOAIS BICICLETA      PORTUGAL NOBJ00016360/21,-,"Registo número NOBJ00016360/21 Registado em: Jul 12 202 Tipo de Documento:OBJECTOS PESSOAIS Sub-tipo: BICICLETA Descritivo: BICICLETA BICICLETA BRANCA COM PNEU FURADO Titular: Não especificada Marca: Não especificada Modelo: Não especificado Distrito: CUSTÓIAS - MATOSINHOS - ESQUADRA Morada: RUA NOVA DE S. GENS, S/N, 4460-781 CUSTÓIAS MTS"
29,1,OBJECTOS PESSOAIS,BICICLETA,NOBJ00016017/21,2021-07-08T12:54:00.433+01:00,PORTUGAL,BICICLETA BICICLETA PRETA EM MAU ESTADO<br><br><strong>Marca:</strong> &nbsp;<strong>Modelo:</strong>,,,,CUSTÓIAS - MATOSINHOS - ESQUADRA,"RUA NOVA DE S. GENS, S/N, 4460-781 CUSTÓIAS MTS",41.199564,-8.644256,OBJECTOS PESSOAIS BICICLETA      PORTUGAL NOBJ00016017/21,-,"Registo número NOBJ00016017/21 Registado em: Jul  8 202 Tipo de Documento:OBJECTOS PESSOAIS Sub-tipo: BICICLETA Descritivo: BICICLETA BICICLETA PRETA EM MAU ESTADO Titular: Não especificada Marca: Não especificada Modelo: Não especificado Distrito: CUSTÓIAS - MATOSINHOS - ESQUADRA Morada: RUA NOVA DE S. GENS, S/N, 4460-781 CUSTÓIAS MTS"
30,1,OBJECTOS PESSOAIS,BICICLETA,NOBJ00013767/21,2021-06-18T08:56:58.88+01:00,PORTUGAL,"BICICLETA BICICLETA DE MONTANHA COR PRETA MARCA BERG VERTEX, POSSUI CONTA KM MARCA BERG NO GUIADOR E UMA BOLSA COM KIT ANTIFURO DEBAIXO DO SELIM.<br><br><strong>Marca:</strong> BER&nbsp;<strong>Modelo:</strong> VERTEX",,BER,VERTEX,MATOSINHOS - DIVISÃO POLICIAL,"RUA DE GOA, S/N, 4454-505 MATOSINHOS",41.184541,-8.681497,OBJECTOS PESSOAIS BICICLETA   BER VERTEX 050709887 PORTUGAL NOBJ00013767/21,PORTO,"Registo número NOBJ00013767/21 Registado em: Jun 18 202 Tipo de Documento:OBJECTOS PESSOAIS Sub-tipo: BICICLETA Descritivo: BICICLETA BICICLETA DE MONTANHA COR PRETA MARCA BERG VERTEX, POSSUI CONTA KM MARCA BERG NO GUIADOR E UMA BOLSA COM KIT ANTIFURO DEBAIXO DO SELIM. Titular: Não especificada Marca: BER Modelo: VERTEX Distrito: MATOSINHOS - DIVISÃO POLICIAL Morada: RUA DE GOA, S/N, 4454-505 MATOSINHOS"
31,1,OBJECTOS PESSOAIS,BICICLETA,NOBJ00012127/21,2021-06-02T09:08:51.343+01:00,PORTUGAL,BICICLETA<br><br><strong>Marca:</strong> &nbsp;<strong>Modelo:</strong>,,,,LISBOA - DIVISÃO DE SEGURAÇA A TRANSPORTES PUBLICO,"ESTAÇÃO CP ROSSIO , 1200-147 LISBOA",38.71451,-9.141377,OBJECTOS PESSOAIS BICICLETA     OKO301038 PORTUGAL NOBJ00012127/21,LISBOA,"Registo número NOBJ00012127/21 Registado em: Jun  2 202 Tipo de Documento:OBJECTOS PESSOAIS Sub-tipo: BICICLETA Descritivo: BICICLETA Titular: Não especificada Marca: Não especificada Modelo: Não especificado Distrito: LISBOA - DIVISÃO DE SEGURAÇA A TRANSPORTES PUBLICO Morada: ESTAÇÃO CP ROSSIO , 1200-147 LISBOA"
32,1,OBJECTOS PESSOAIS,BICICLETA,NOBJ00012126/21,2021-06-02T09:08:45.717+01:00,PORTUGAL,BICICLETA<br><br><strong>Marca:</strong> &nbsp;<strong>Modelo:</strong>,,,,LISBOA - DIVISÃO DE SEGURAÇA A TRANSPORTES PUBLICO,"ESTAÇÃO CP ROSSIO , 1200-147 LISBOA",38.71451,-9.141377,OBJECTOS PESSOAIS BICICLETA      PORTUGAL NOBJ00012126/21,LISBOA,"Registo número NOBJ00012126/21 Registado em: Jun  2 202 Tipo de Documento:OBJECTOS PESSOAIS Sub-tipo: BICICLETA Descritivo: BICICLETA Titular: Não especificada Marca: Não especificada Modelo: Não especificado Distrito: LISBOA - DIVISÃO DE SEGURAÇA A TRANSPORTES PUBLICO Morada: ESTAÇÃO CP ROSSIO , 1200-147 LISBOA"
33,1,OBJECTOS PESSOAIS,BICICLETA,NOBJ00012125/21,2021-06-02T09:08:39.78+01:00,PORTUGAL,BICICLETA<br><br><strong>Marca:</strong> ROCKRIDE&nbsp;<strong>Modelo:</strong> 5.0,,ROCKRIDE,5.0,LISBOA - DIVISÃO DE SEGURAÇA A TRANSPORTES PUBLICO,"ESTAÇÃO CP ROSSIO , 1200-147 LISBOA",38.71451,-9.141377,OBJECTOS PESSOAIS BICICLETA   ROCKRIDE 5.0  PORTUGAL NOBJ00012125/21,LISBOA,"Registo número NOBJ00012125/21 Registado em: Jun  2 202 Tipo de Documento:OBJECTOS PESSOAIS Sub-tipo: BICICLETA Descritivo: BICICLETA Titular: Não especificada Marca: ROCKRIDE Modelo: 5.0 Distrito: LISBOA - DIVISÃO DE SEGURAÇA A TRANSPORTES PUBLICO Morada: ESTAÇÃO CP ROSSIO , 1200-147 LISBOA"
34,1,OBJECTOS PESSOAIS,BICICLETA,NOBJ00012124/21,2021-06-02T09:08:34.24+01:00,PORTUGAL,BICICLETA<br><br><strong>Marca:</strong> ORBEA&nbsp;<strong>Modelo:</strong> SHERPA,,ORBEA,SHERPA,LISBOA - DIVISÃO DE SEGURAÇA A TRANSPORTES PUBLICO,"ESTAÇÃO CP ROSSIO , 1200-147 LISBOA",38.71451,-9.141377,OBJECTOS PESSOAIS BICICLETA   ORBEA SHERPA BI-0139 PORTUGAL NOBJ00012124/21,LISBOA,"Registo número NOBJ00012124/21 Registado em: Jun  2 202 Tipo de Documento:OBJECTOS PESSOAIS Sub-tipo: BICICLETA Descritivo: BICICLETA Titular: Não especificada Marca: ORBEA Modelo: SHERPA Distrito: LISBOA - DIVISÃO DE SEGURAÇA A TRANSPORTES PUBLICO Morada: ESTAÇÃO CP ROSSIO , 1200-147 LISBOA"
35,1,OBJECTOS PESSOAIS,BICICLETA,NOBJ00012123/21,2021-06-02T09:08:27.697+01:00,PORTUGAL,BICICLETA<br><br><strong>Marca:</strong> TEAM&nbsp;<strong>Modelo:</strong> DS300,,TEAM,DS300,LISBOA - DIVISÃO DE SEGURAÇA A TRANSPORTES PUBLICO,"ESTAÇÃO CP ROSSIO , 1200-147 LISBOA",38.71451,-9.141377,OBJECTOS PESSOAIS BICICLETA   TEAM DS300 GWSR1634 PORTUGAL NOBJ00012123/21,LISBOA,"Registo número NOBJ00012123/21 Registado em: Jun  2 202 Tipo de Documento:OBJECTOS PESSOAIS Sub-tipo: BICICLETA Descritivo: BICICLETA Titular: Não especificada Marca: TEAM Modelo: DS300 Distrito: LISBOA - DIVISÃO DE SEGURAÇA A TRANSPORTES PUBLICO Morada: ESTAÇÃO CP ROSSIO , 1200-147 LISBOA"
36,1,OBJECTOS PESSOAIS,BICICLETA,NOBJ00012122/21,2021-06-02T09:08:22.04+01:00,PORTUGAL,BICICLETA<br><br><strong>Marca:</strong> MTB&nbsp;<strong>Modelo:</strong> 650,,MTB,650,LISBOA - DIVISÃO DE SEGURAÇA A TRANSPORTES PUBLICO,"ESTAÇÃO CP ROSSIO , 1200-147 LISBOA",38.71451,-9.141377,OBJECTOS PESSOAIS BICICLETA   MTB 650 S902355268 PORTUGAL NOBJ00012122/21,LISBOA,"Registo número NOBJ00012122/21 Registado em: Jun  2 202 Tipo de Documento:OBJECTOS PESSOAIS Sub-tipo: BICICLETA Descritivo: BICICLETA Titular: Não especificada Marca: MTB Modelo: 650 Distrito: LISBOA - DIVISÃO DE SEGURAÇA A TRANSPORTES PUBLICO Morada: ESTAÇÃO CP ROSSIO , 1200-147 LISBOA"
37,1,OBJECTOS PESSOAIS,BICICLETA,NOBJ00011909/21,2021-05-31T15:34:36.78+01:00,PORTUGAL,BICICLETA<br><br><strong>Marca:</strong> &nbsp;<strong>Modelo:</strong> SPITE -OLDIE 20,,,SPITE -OLDIE 20,CASCAIS - DIVISÃO POLICIAL,"RUA AFONSO SANCHES, N.º 26, 2750-281 CASCAIS",38.699574,-9.423099,OBJECTOS PESSOAIS BICICLETA    SPITE -OLDIE 20  PORTUGAL NOBJ00011909/21,LISBOA,"Registo número NOBJ00011909/21 Registado em: May 31 202 Tipo de Documento:OBJECTOS PESSOAIS Sub-tipo: BICICLETA Descritivo: BICICLETA Titular: Não especificada Marca: Não especificada Modelo: SPITE -OLDIE 20 Distrito: CASCAIS - DIVISÃO POLICIAL Morada: RUA AFONSO SANCHES, N.º 26, 2750-281 CASCAIS"
38,1,OBJECTOS PESSOAIS,BICICLETA,NOBJ00011812/21,2021-05-31T10:28:12.34+01:00,PORTUGAL,BICICLETA BICICLETA B-TWIN  CITY EBIKE ELOPS 900 PRETA DANIFICADA<br><br><strong>Marca:</strong> &nbsp;<strong>Modelo:</strong>,,,,VILA NOVA DE GAIA - DIVISÃO POLICIAL,"RUA MARIA COSTA BASTOS, QTª. DO GUARDA LIVROS - OLIVEIRA DO DOURO, 4430-381 VILA NOVA DE GAIA",41.12723,-8.578844,OBJECTOS PESSOAIS BICICLETA     000001014280 PORTUGAL NOBJ00011812/21,PORTO,"Registo número NOBJ00011812/21 Registado em: May 31 202 Tipo de Documento:OBJECTOS PESSOAIS Sub-tipo: BICICLETA Descritivo: BICICLETA BICICLETA B-TWIN  CITY EBIKE ELOPS 900 PRETA DANIFICADA Titular: Não especificada Marca: Não especificada Modelo: Não especificado Distrito: VILA NOVA DE GAIA - DIVISÃO POLICIAL Morada: RUA MARIA COSTA BASTOS, QTª. DO GUARDA LIVROS - OLIVEIRA DO DOURO, 4430-381 VILA NOVA DE GAIA"
39,1,OBJECTOS PESSOAIS,BICICLETA,NOBJ00009273/21,2021-05-05T14:42:56.903+01:00,PORTUGAL,BICICLETA ELETRICA DE PEDAIS<br><br><strong>Marca:</strong> GUEWER&nbsp;<strong>Modelo:</strong>,,GUEWER,,VILA DO CONDE - DIVISÃO POLICIAL,"LARGO DR.º CUNHA REIS, S/N, 4480-712 VILA DO CONDE",41.351264,-8.743756,OBJECTOS PESSOAIS BICICLETA   GUEWER  LXDDEZT02A7004112 PORTUGAL NOBJ00009273/21,PORTO,"Registo número NOBJ00009273/21 Registado em: May  5 202 Tipo de Documento:OBJECTOS PESSOAIS Sub-tipo: BICICLETA Descritivo: BICICLETA ELETRICA DE PEDAIS Titular: Não especificada Marca: GUEWER Modelo: Não especificado Distrito: VILA DO CONDE - DIVISÃO POLICIAL Morada: LARGO DR.º CUNHA REIS, S/N, 4480-712 VILA DO CONDE"
40,1,OBJECTOS PESSOAIS,BICICLETA,NOBJ00007506/21,2021-04-14T10:36:36.377+01:00,PORTUGAL,BICICLETA BICICLETA<br><br><strong>Marca:</strong> &nbsp;<strong>Modelo:</strong>,,,,CORONEL PACHECO - PORTO - 2ª DIVISÃO POLICIAL,"PRAÇA CORONEL PACHECO, N.º 46, 4050-453 PORTO",41.151325,-8.614797,OBJECTOS PESSOAIS BICICLETA      PORTUGAL NOBJ00007506/21,-,"Registo número NOBJ00007506/21 Registado em: Apr 14 202 Tipo de Documento:OBJECTOS PESSOAIS Sub-tipo: BICICLETA Descritivo: BICICLETA BICICLETA Titular: Não especificada Marca: Não especificada Modelo: Não especificado Distrito: CORONEL PACHECO - PORTO - 2ª DIVISÃO POLICIAL Morada: PRAÇA CORONEL PACHECO, N.º 46, 4050-453 PORTO"
41,1,OBJECTOS PESSOAIS,BICICLETA,NOBJ00007357/21,2021-04-12T15:39:56.06+01:00,PORTUGAL,BICICLETA<br><br><strong>Marca:</strong> MOUNTAIN BIKE&nbsp;<strong>Modelo:</strong> BIKE SPORT,,MOUNTAIN BIKE,BIKE SPORT,OLIVAIS SUL - 2ª DIVISÃO POLICIAL LX,"RUA CIDADE DE NAMPULA, S/N
, 1800-105 LISBOA",38.764096,-9.12031,OBJECTOS PESSOAIS BICICLETA   MOUNTAIN BIKE BIKE SPORT  PORTUGAL NOBJ00007357/21,LISBOA,"Registo número NOBJ00007357/21 Registado em: Apr 12 202 Tipo de Documento:OBJECTOS PESSOAIS Sub-tipo: BICICLETA Descritivo: BICICLETA Titular: Não especificada Marca: MOUNTAIN BIKE Modelo: BIKE SPORT Distrito: OLIVAIS SUL - 2ª DIVISÃO POLICIAL LX Morada: RUA CIDADE DE NAMPULA, S/N
, 1800-105 LISBOA"
42,1,OBJECTOS PESSOAIS,BICICLETA,NOBJ00007183/21,2021-04-09T11:04:25.057+01:00,PORTUGAL,"BICICLETA BICICLETA DE MARCA RADIKAL, DE COR CINZENTA<br><br><strong>Marca:</strong> &nbsp;<strong>Modelo:</strong>",,,,GONDOMAR - DIVISÃO POLICIAL,"RUA DA BOAVISTA, S/ N, 4435-123 RIO TINTO",41.175478,-8.555571,OBJECTOS PESSOAIS BICICLETA      PORTUGAL NOBJ00007183/21,PORTO,"Registo número NOBJ00007183/21 Registado em: Apr  9 202 Tipo de Documento:OBJECTOS PESSOAIS Sub-tipo: BICICLETA Descritivo: BICICLETA BICICLETA DE MARCA RADIKAL, DE COR CINZENTA Titular: Não especificada Marca: Não especificada Modelo: Não especificado Distrito: GONDOMAR - DIVISÃO POLICIAL Morada: RUA DA BOAVISTA, S/ N, 4435-123 RIO TINTO"
43,1,OBJECTOS PESSOAIS,BICICLETA,NOBJ00006954/21,2021-04-07T10:53:39.247+01:00,PORTUGAL,"BICICLETA UMA BICICLETA DE COR BRANCA, DE MARCA ELECTRA.<br><br><strong>Marca:</strong> ELECTRA&nbsp;<strong>Modelo:</strong> AMSTERDAM",,ELECTRA,AMSTERDAM,PORTO - COMANDO METROPOLITANO,"LARGO 1º DE DEZEMBRO, S/N, 4000-404 PORTO",41.142817,-8.609428,OBJECTOS PESSOAIS BICICLETA   ELECTRA AMSTERDAM  PORTUGAL NOBJ00006954/21,PORTO,"Registo número NOBJ00006954/21 Registado em: Apr  7 202 Tipo de Documento:OBJECTOS PESSOAIS Sub-tipo: BICICLETA Descritivo: BICICLETA UMA BICICLETA DE COR BRANCA, DE MARCA ELECTRA. Titular: Não especificada Marca: ELECTRA Modelo: AMSTERDAM Distrito: PORTO - COMANDO METROPOLITANO Morada: LARGO 1º DE DEZEMBRO, S/N, 4000-404 PORTO"
44,1,OBJECTOS PESSOAIS,BICICLETA,NOBJ00006564/21,2021-03-31T10:36:26.79+01:00,PORTUGAL,BICICLETA BICICLETA<br><br><strong>Marca:</strong> ORBITA&nbsp;<strong>Modelo:</strong> BTT,,ORBITA,BTT,OEIRAS - DIVISÃO POLICIAL,"RUA DE ESPARGAL, N.º 18, 2780-012 OEIRAS",38.695736,-9.302176,OBJECTOS PESSOAIS BICICLETA   ORBITA BTT J40510258 PORTUGAL NOBJ00006564/21,LISBOA,"Registo número NOBJ00006564/21 Registado em: Mar 31 202 Tipo de Documento:OBJECTOS PESSOAIS Sub-tipo: BICICLETA Descritivo: BICICLETA BICICLETA Titular: Não especificada Marca: ORBITA Modelo: BTT Distrito: OEIRAS - DIVISÃO POLICIAL Morada: RUA DE ESPARGAL, N.º 18, 2780-012 OEIRAS"
45,1,OBJECTOS PESSOAIS,BICICLETA,NOBJ00006563/21,2021-03-31T10:22:10.287+01:00,PORTUGAL,BICICLETA BICICLETA<br><br><strong>Marca:</strong> ROCKRIDER&nbsp;<strong>Modelo:</strong> BTT,,ROCKRIDER,BTT,OEIRAS - DIVISÃO POLICIAL,"RUA DE ESPARGAL, N.º 18, 2780-012 OEIRAS",38.695736,-9.302176,OBJECTOS PESSOAIS BICICLETA  DECATLON- ORBITA ROCKRIDER BTT 1345054 PORTUGAL NOBJ00006563/21,-,"Registo número NOBJ00006563/21 Registado em: Mar 31 202 Tipo de Documento:OBJECTOS PESSOAIS Sub-tipo: BICICLETA Descritivo: BICICLETA BICICLETA Titular: Não especificada Marca: ROCKRIDER Modelo: BTT Distrito: OEIRAS - DIVISÃO POLICIAL Morada: RUA DE ESPARGAL, N.º 18, 2780-012 OEIRAS"
